datetime,open,high,low,close,volume
2024-01-05 00:00:00,44195.57856209971,44637.534347720706,43753.62277647872,44195.57856209971,4419.557856209972
2024-01-06 00:00:00,44113.69973389081,44554.83673122972,43672.5627365519,44113.69973389081,4411.369973389082
2024-01-07 00:00:00,43956.12071720152,44395.68192437354,43516.5595100295,43956.12071720152,4395.612071720152
2024-01-08 00:00:00,43883.74387905174,44322.58131784226,43444.90644026122,43883.74387905174,4388.374387905174
2024-01-09 00:00:00,46936.185561217506,47405.54741682968,46466.82370560533,46936.185561217506,4693.618556121751
2024-01-10 00:00:00,46105.94607828697,46567.00553906984,45644.886617504104,46105.94607828697,4610.594607828697
2024-01-11 00:00:00,46632.31314804979,47098.63627953029,46165.99001656929,46632.31314804979,4663.231314804979
2024-01-12 00:00:00,46314.355541602694,46777.49909701872,45851.21198618667,46314.355541602694,4631.43555416027
2024-01-13 00:00:00,42893.92960550481,43322.86890155986,42464.990309449764,42893.92960550481,4289.392960550481
2024-01-14 00:00:00,42848.47451640749,43276.95926157157,42419.98977124342,42848.47451640749,4284.84745164075
2024-01-15 00:00:00,41800.93282193406,42218.9421501534,41382.92349371472,41800.93282193406,4180.093282193407
2024-01-16 00:00:00,42587.336038354406,43013.20939873795,42161.46267797086,42587.336038354406,4258.733603835441
2024-01-17 00:00:00,43148.00164342693,43579.481659861194,42716.52162699266,43148.00164342693,4314.800164342693
2024-01-18 00:00:00,42713.859186938986,43140.99777880838,42286.72059506959,42713.859186938986,4271.385918693899
2024-01-19 00:00:00,41261.39479801012,41674.00874599022,40848.78085003002,41261.39479801012,4126.139479801012
2024-01-20 00:00:00,41600.94093254464,42016.950341870084,41184.931523219195,41600.94093254464,4160.0940932544645
2024-01-21 00:00:00,41626.10711003664,42042.368181137004,41209.84603893627,41626.10711003664,4162.610711003664
2024-01-22 00:00:00,41541.89945706261,41957.31845163323,41126.480462491985,41541.89945706261,4154.189945706261
2024-01-23 00:00:00,39504.73005758438,39899.77735816022,39109.68275700853,39504.73005758438,3950.473005758438
2024-01-24 00:00:00,39833.45410501688,40231.78864606705,39435.119563966706,39833.45410501688,3983.345410501688
2024-01-25 00:00:00,40123.67105847147,40524.90776905618,39722.43434788675,40123.67105847147,4012.367105847147
2024-01-26 00:00:00,39938.28644155878,40337.66930597437,39538.903577143195,39938.28644155878,3993.8286441558785
2024-01-27 00:00:00,41862.9356109399,42281.5649670493,41444.3062548305,41862.9356109399,4186.29356109399
2024-01-28 00:00:00,42119.61049464309,42540.80659958952,41698.41438969666,42119.61049464309,4211.961049464309
2024-01-29 00:00:00,42026.57856232145,42446.844347944665,41606.31277669823,42026.57856232145,4202.657856232145
2024-01-30 00:00:00,43267.60927638767,43700.28536915155,42834.9331836238,43267.60927638767,4326.7609276387675
2024-01-31 00:00:00,42892.03453014447,43320.95487544591,42463.11418484303,42892.03453014447,4289.203453014447
2024-02-01 00:00:00,42583.26354663417,43009.09618210051,42157.43091116782,42583.26354663417,4258.326354663417
2024-02-02 00:00:00,43069.043420936796,43499.733855146165,42638.35298672743,43069.043420936796,4306.90434209368
2024-02-03 00:00:00,43170.65856159975,43602.36514721574,42738.95197598375,43170.65856159975,4317.065856159975
2024-02-04 00:00:00,42976.84829990829,43406.616782907375,42547.07981690921,42976.84829990829,4297.68482999083
2024-02-05 00:00:00,42599.35997055978,43025.35357026538,42173.36637085418,42599.35997055978,4259.935997055978
2024-02-06 00:00:00,42648.45692113544,43074.94149034679,42221.97235192409,42648.45692113544,4264.845692113544
2024-02-07 00:00:00,43087.78740814285,43518.66528222428,42656.90953406142,43087.78740814285,4308.778740814286
2024-02-08 00:00:00,44247.415415479314,44689.889569634106,43804.94126132452,44247.415415479314,4424.741541547932
2024-02-09 00:00:00,45338.271189789484,45791.65390168738,44884.88847789159,45338.271189789484,4533.827118978948
2024-02-10 00:00:00,47143.24299107112,47614.67542098183,46671.81056116041,47143.24299107112,4714.324299107112
2024-02-11 00:00:00,47768.995251247936,48246.68520376042,47291.30529873545,47768.995251247936,4776.899525124793
2024-02-12 00:00:00,48189.88179303987,48671.78061097027,47707.98297510947,48189.88179303987,4818.988179303988
2024-02-13 00:00:00,50050.13609456397,50550.63745550961,49549.634733618324,50050.13609456397,5005.013609456397
2024-02-14 00:00:00,49732.14536955351,50229.466823249044,49234.823915857974,49732.14536955351,4973.214536955351
2024-02-15 00:00:00,51790.16929752642,52308.070990501685,51272.26760455116,51790.16929752642,5179.016929752643
2024-02-16 00:00:00,51958.23029105492,52477.81259396547,51438.64798814437,51958.23029105492,5195.823029105492
2024-02-17 00:00:00,52166.43430976192,52688.09865285954,51644.7699666643,52166.43430976192,5216.643430976193
2024-02-18 00:00:00,51684.51749264525,52201.3626675717,51167.6723177188,51684.51749264525,5168.4517492645255
2024-02-19 00:00:00,52138.48578873693,52659.8706466243,51617.100930849556,52138.48578873693,5213.848578873693
2024-02-20 00:00:00,51764.313185487765,52281.95631734264,51246.670053632886,51764.313185487765,5176.431318548777
2024-02-21 00:00:00,52286.79372554667,52809.66166280214,51763.9257882912,52286.79372554667,5228.679372554667
2024-02-22 00:00:00,51842.75676625642,52361.18433391898,51324.329198593856,51842.75676625642,5184.2756766256425
2024-02-23 00:00:00,51319.500125702674,51832.695126959705,50806.305124445644,51319.500125702674,5131.950012570268
2024-02-24 00:00:00,50841.081094770896,51349.491905718605,50332.67028382319,50841.081094770896,5084.10810947709
2024-02-25 00:00:00,51553.096712831146,52068.627679959456,51037.565745702836,51553.096712831146,5155.309671283115
2024-02-26 00:00:00,51751.884054934555,52269.4028954839,51234.36521438521,51751.884054934555,5175.188405493456
2024-02-27 00:00:00,54478.191083122954,55022.97299395419,53933.40917229172,54478.191083122954,5447.819108312296
2024-02-28 00:00:00,57003.52673730811,57573.56200468119,56433.49146993503,57003.52673730811,5700.352673730811
2024-02-29 00:00:00,62558.58202419311,63184.16784443504,61932.996203951174,62558.58202419311,6255.858202419311
2024-03-01 00:00:00,61298.216861101624,61911.19902971264,60685.23469249061,61298.216861101624,6129.821686110163
2024-03-02 00:00:00,62426.64052919186,63050.906934483784,61802.37412389994,62426.64052919186,6242.664052919186
2024-03-03 00:00:00,62067.86680212177,62688.545470142984,61447.18813410055,62067.86680212177,6206.786680212177
2024-03-04 00:00:00,63053.10543906421,63683.636493454855,62422.574384673564,63053.10543906421,6305.310543906421
2024-03-05 00:00:00,68186.64593432152,68868.51239366474,67504.7794749783,68186.64593432152,6818.664593432153
2024-03-06 00:00:00,64291.536557569496,64934.45192314519,63648.6211919938,64291.536557569496,6429.15365575695
2024-03-07 00:00:00,66145.91927850846,66807.37847129354,65484.460085723375,66145.91927850846,6614.591927850846
2024-03-08 00:00:00,66944.87639053575,67614.3251544411,66275.4276266304,66944.87639053575,6694.487639053576
2024-03-09 00:00:00,68315.25192078314,68998.40443999096,67632.09940157531,68315.25192078314,6831.525192078314
2024-03-10 00:00:00,68508.0039626159,69193.08400224206,67822.92392298974,68508.0039626159,6850.80039626159
2024-03-11 00:00:00,69075.66688195744,69766.42355077702,68384.91021313786,69075.66688195744,6907.566688195744
2024-03-12 00:00:00,72130.55300765681,72851.85853773338,71409.24747758024,72130.55300765681,7213.055300765682
2024-03-13 00:00:00,71467.17350326062,72181.84523829323,70752.50176822802,71467.17350326062,7146.717350326063
2024-03-14 00:00:00,73097.76702694128,73828.74469721068,72366.78935667187,73097.76702694128,7309.776702694128
2024-03-15 00:00:00,71420.03180142345,72134.23211943769,70705.83148340922,71420.03180142345,7142.003180142346
2024-03-16 00:00:00,69497.7631929463,70192.74082487576,68802.78556101683,69497.7631929463,6949.7763192946295
2024-03-17 00:00:00,65292.31329331289,65945.23642624602,64639.39016037976,65292.31329331289,6529.231329331289
2024-03-18 00:00:00,68425.41565643054,69109.66981299485,67741.16149986624,68425.41565643054,6842.541565643055
2024-03-19 00:00:00,67708.94360930806,68386.03304540114,67031.85417321498,67708.94360930806,6770.894360930806
2024-03-20 00:00:00,62132.51737873437,62753.84255252171,61511.19220494702,62132.51737873437,6213.251737873437
2024-03-21 00:00:00,67819.05570684028,68497.24626390869,67140.86514977188,67819.05570684028,6781.905570684029
2024-03-22 00:00:00,65535.97844847657,66191.33823296134,64880.6186639918,65535.97844847657,6553.597844847657
2024-03-23 00:00:00,63509.04496523133,64144.13541488365,62873.95451557902,63509.04496523133,6350.904496523133
2024-03-24 00:00:00,64285.80279102199,64928.66081893221,63642.94476311177,64285.80279102199,6428.5802791022
2024-03-25 00:00:00,67310.98326810106,67984.09310078208,66637.87343542004,67310.98326810106,6731.098326810106
2024-03-26 00:00:00,69938.94530200244,70638.33475502246,69239.55584898242,69938.94530200244,6993.894530200244
2024-03-27 00:00:00,70082.05122475982,70782.87173700742,69381.23071251223,70082.05122475982,7008.2051224759825
2024-03-28 00:00:00,69435.75040305211,70130.10790708262,68741.3928990216,69435.75040305211,6943.575040305212
2024-03-29 00:00:00,70710.19534863312,71417.29730211945,70003.09339514679,70710.19534863312,7071.019534863312
2024-03-30 00:00:00,69919.05546148612,70618.24601610098,69219.86490687125,69919.05546148612,6991.905546148612
2024-03-31 00:00:00,69702.3087473573,70399.33183483087,69005.28565988372,69702.3087473573,6970.23087473573
2024-04-01 00:00:00,71246.95144060145,71959.42095500746,70534.48192619544,71246.95144060145,7124.695144060145
2024-04-02 00:00:00,69785.92503802372,70483.78428840396,69088.06578764349,69785.92503802372,6978.592503802372
2024-04-03 00:00:00,65440.41922587159,66094.82341813031,64786.01503361288,65440.41922587159,6544.041922587159
2024-04-04 00:00:00,66123.938539074,66785.17792446475,65462.699153683265,66123.938539074,6612.393853907401
2024-04-05 00:00:00,68542.17715279506,69227.59892432301,67856.75538126711,68542.17715279506,6854.217715279507
2024-04-06 00:00:00,67978.61023408506,68658.39633642591,67298.82413174422,67978.61023408506,6797.861023408506
2024-04-07 00:00:00,69000.6499164776,69690.65641564238,68310.64341731282,69000.6499164776,6900.0649916477605
2024-04-08 00:00:00,69401.97360911008,70095.99334520118,68707.95387301898,69401.97360911008,6940.197360911008
2024-04-09 00:00:00,71624.18486236996,72340.42671099366,70907.94301374626,71624.18486236996,7162.418486236997
2024-04-10 00:00:00,69158.64381207665,69850.23025019742,68467.05737395589,69158.64381207665,6915.864381207666
2024-04-11 00:00:00,70527.88997578963,71233.16887554752,69822.61107603174,70527.88997578963,7052.788997578963
2024-04-12 00:00:00,70106.66413070948,70807.73077201658,69405.59748940238,70106.66413070948,7010.666413070949
2024-04-13 00:00:00,67252.10504226631,67924.62609268898,66579.58399184364,67252.10504226631,6725.210504226631
2024-04-14 00:00:00,64404.82548907413,65048.87374396487,63760.77723418339,64404.82548907413,6440.482548907414
2024-04-15 00:00:00,65752.66004728881,66410.1866477617,65095.13344681592,65752.66004728881,6575.266004728881
2024-04-16 00:00:00,63430.5714573684,64064.877171942084,62796.26574279472,63430.5714573684,6343.0571457368405
2024-04-17 00:00:00,63720.501587480736,64357.706603355546,63083.296571605926,63720.501587480736,6372.050158748074
2024-04-18 00:00:00,61328.89798860725,61942.18696849332,60715.60900872118,61328.89798860725,6132.889798860725
2024-04-19 00:00:00,63461.592695107174,64096.20862205825,62826.9767681561,63461.592695107174,6346.159269510717
2024-04-20 00:00:00,63988.818471785664,64628.70665650352,63348.93028706781,63988.818471785664,6398.881847178567
2024-04-21 00:00:00,64894.41869109179,65543.3628780027,64245.47450418087,64894.41869109179,6489.44186910918
2024-04-22 00:00:00,64936.4207567739,65585.78496434164,64287.05654920616,64936.4207567739,6493.6420756773905
2024-04-23 00:00:00,66841.66685207361,67510.08352059434,66173.25018355288,66841.66685207361,6684.166685207361
2024-04-24 00:00:00,66406.95244392671,67071.02196836598,65742.88291948744,66406.95244392671,6640.695244392671
2024-04-25 00:00:00,64279.51812857524,64922.31330986099,63636.72294728949,64279.51812857524,6427.951812857525
2024-04-26 00:00:00,64486.183359158975,65131.045192750564,63841.321525567386,64486.183359158975,6448.618335915898
2024-04-27 00:00:00,63802.330049258766,64440.353349751356,63164.306748766176,63802.330049258766,6380.233004925877
2024-04-28 00:00:00,63517.248743409626,64152.42123084372,62882.07625597553,63517.248743409626,6351.724874340963
2024-04-29 00:00:00,63030.433616681854,63660.73795284867,62400.12928051504,63030.433616681854,6303.043361668186
2024-04-30 00:00:00,63797.67963589958,64435.65643225858,63159.70283954058,63797.67963589958,6379.7679635899585
2024-05-01 00:00:00,60749.47209216387,61356.96681308551,60141.97737124223,60749.47209216387,6074.947209216388
2024-05-02 00:00:00,58297.574075325494,58880.54981607875,57714.59833457224,58297.574075325494,5829.75740753255
2024-05-03 00:00:00,59135.1733607733,59726.52509438103,58543.82162716556,59135.1733607733,5913.51733607733
2024-05-04 00:00:00,62839.34073569376,63467.7341430507,62210.94732833682,62839.34073569376,6283.934073569377
2024-05-05 00:00:00,63820.451902924986,64458.656421954234,63182.24738389574,63820.451902924986,6382.045190292499
2024-05-06 00:00:00,64010.00865210892,64650.108738630006,63369.90856558783,64010.00865210892,6401.000865210892
2024-05-07 00:00:00,63172.48129551341,63804.20610846855,62540.756482558274,63172.48129551341,6317.248129551342
2024-05-08 00:00:00,62363.057191718624,62986.68776363581,61739.42661980144,62363.057191718624,6236.305719171863
2024-05-09 00:00:00,61215.50400879193,61827.659048879854,60603.34896870401,61215.50400879193,6121.550400879194
2024-05-10 00:00:00,63148.599943097026,63780.085942528,62517.11394366605,63148.599943097026,6314.859994309703
2024-05-11 00:00:00,60888.21674957157,61497.098917067284,60279.334582075855,60888.21674957157,6088.8216749571575
2024-05-12 00:00:00,60776.972079172134,61384.74179996386,60169.20235838041,60776.972079172134,6077.697207917214
2024-05-13 00:00:00,61507.054004121346,62122.12454416256,60891.983464080135,61507.054004121346,6150.705400412135
2024-05-14 00:00:00,62878.783300729294,63507.57113373659,62249.995467722,62878.783300729294,6287.87833007293
2024-05-15 00:00:00,61569.1130057734,62184.80413583113,60953.42187571566,61569.1130057734,6156.91130057734
2024-05-16 00:00:00,66220.51831432826,66882.72349747154,65558.31313118499,66220.51831432826,6622.0518314328265
2024-05-17 00:00:00,65260.879803346186,65913.48860137965,64608.27100531272,65260.879803346186,6526.087980334619
2024-05-18 00:00:00,67053.12326509564,67723.6544977466,66382.59203244468,67053.12326509564,6705.312326509564
2024-05-19 00:00:00,66912.61861403697,67581.74480017734,66243.49242789659,66912.61861403697,6691.261861403697
2024-05-20 00:00:00,66252.71259591613,66915.2397218753,65590.18546995697,66252.71259591613,6625.271259591614
2024-05-21 00:00:00,71430.29700215145,72144.59997217296,70715.99403212994,71430.29700215145,7143.029700215146
2024-05-22 00:00:00,70189.8358177002,70891.7341758772,69487.9374595232,70189.8358177002,7018.98358177002
2024-05-23 00:00:00,69181.20085677762,69873.0128653454,68489.38884820984,69181.20085677762,6918.120085677762
2024-05-24 00:00:00,67906.46534276106,68585.52999618868,67227.40068933344,67906.46534276106,6790.646534276107
2024-05-25 00:00:00,68539.91646552991,69225.31563018521,67854.5173008746,68539.91646552991,6853.991646552991
2024-05-26 00:00:00,69268.44558973772,69961.1300456351,68575.76113384034,69268.44558973772,6926.844558973772
2024-05-27 00:00:00,68508.83110875699,69193.91941984456,67823.74279766942,68508.83110875699,6850.8831108756995
2024-05-28 00:00:00,69367.23871755725,70060.91110473282,68673.56633038168,69367.23871755725,6936.723871755726
2024-05-29 00:00:00,68316.63588049631,68999.80223930128,67633.46952169134,68316.63588049631,6831.6635880496315
2024-05-30 00:00:00,67577.26558995963,68253.03824585922,66901.49293406004,67577.26558995963,6757.726558995963
2024-05-31 00:00:00,68372.49288434093,69056.21781318434,67688.76795549752,68372.49288434093,6837.249288434094
2024-06-01 00:00:00,67474.95483698409,68149.70438535394,66800.20528861425,67474.95483698409,6747.49548369841
2024-06-02 00:00:00,67704.32641811523,68381.36968229638,67027.28315393408,67704.32641811523,6770.432641811523
2024-06-03 00:00:00,67740.01690222476,68417.41707124701,67062.6167332025,67740.01690222476,6774.001690222476
2024-06-04 00:00:00,68808.29368590549,69496.37662276454,68120.21074904644,68808.29368590549,6880.829368590549
2024-06-05 00:00:00,70600.01116676089,71306.0112784285,69894.01105509327,70600.01116676089,7060.001116676089
2024-06-06 00:00:00,71184.59943059199,71896.4454248979,70472.75343628608,71184.59943059199,7118.459943059199
2024-06-07 00:00:00,70759.58819301432,71467.18407494447,70051.99231108418,70759.58819301432,7075.958819301432
2024-06-08 00:00:00,69325.36238847222,70018.61601235694,68632.1087645875,69325.36238847222,6932.536238847222
2024-06-09 00:00:00,69315.1041233966,70008.25516463057,68621.95308216262,69315.1041233966,6931.5104123396595
2024-06-10 00:00:00,69654.16073760358,70350.70234497963,68957.61913022754,69654.16073760358,6965.416073760359
2024-06-11 00:00:00,69493.17760915738,70188.10938524896,68798.24583306581,69493.17760915738,6949.317760915739
2024-06-12 00:00:00,67329.15232724321,68002.44385051564,66655.86080397078,67329.15232724321,6732.915232724321
2024-06-13 00:00:00,68224.51967501991,68906.76487177011,67542.27447826971,68224.51967501991,6822.451967501991
2024-06-14 00:00:00,66700.31696564378,67367.32013530022,66033.31379598734,66700.31696564378,6670.031696564379
2024-06-15 00:00:00,66011.07873713733,66671.1895245087,65350.96794976595,66011.07873713733,6601.107873713733
2024-06-16 00:00:00,66190.4874891135,66852.39236400463,65528.58261422236,66190.4874891135,6619.04874891135
2024-06-17 00:00:00,66615.53782131766,67281.69319953084,65949.38244310448,66615.53782131766,6661.553782131767
2024-06-18 00:00:00,66460.38897909952,67124.9928688905,65795.78508930853,66460.38897909952,6646.038897909952
2024-06-19 00:00:00,65109.314812190474,65760.40796031238,64458.221664068566,65109.314812190474,6510.931481219048
2024-06-20 00:00:00,64907.07460760319,65556.14535367923,64258.003861527155,64907.07460760319,6490.707460760319
2024-06-21 00:00:00,64844.67441797763,65493.121162157404,64196.227673797854,64844.67441797763,6484.467441797763
2024-06-22 00:00:00,64071.624284709695,64712.34052755679,63430.908041862596,64071.624284709695,6407.16242847097
2024-06-23 00:00:00,64239.90348813148,64882.3025230128,63597.50445325016,64239.90348813148,6423.990348813149
2024-06-24 00:00:00,63221.35738437477,63853.57095821852,62589.14381053102,63221.35738437477,6322.135738437478
2024-06-25 00:00:00,60363.23497529626,60966.86732504923,59759.602625543295,60363.23497529626,6036.323497529626
2024-06-26 00:00:00,61770.413870095355,62388.11800879631,61152.7097313944,61770.413870095355,6177.041387009536
2024-06-27 00:00:00,60749.89619402014,61357.395155960345,60142.39723207994,60749.89619402014,6074.989619402015
2024-06-28 00:00:00,61562.64532550036,62178.27177875536,60947.01887224535,61562.64532550036,6156.264532550036
2024-06-29 00:00:00,60317.09697945116,60920.267949245674,59713.92600965665,60317.09697945116,6031.709697945116
2024-06-30 00:00:00,60864.44316193428,61473.087593553624,60255.798730314935,60864.44316193428,6086.444316193429
2024-07-01 00:00:00,62734.39383945474,63361.73777784929,62107.049901060185,62734.39383945474,6273.439383945474
2024-07-02 00:00:00,62819.82226921849,63448.020491910676,62191.62404652631,62819.82226921849,6281.982226921849
2024-07-03 00:00:00,62042.5650371006,62662.9906874716,61422.13938672959,62042.5650371006,6204.25650371006
2024-07-04 00:00:00,60244.68076433092,60847.12757197423,59642.23395668761,60244.68076433092,6024.468076433092
2024-07-05 00:00:00,57189.17412408636,57761.065865327226,56617.2823828455,57189.17412408636,5718.917412408637
2024-07-06 00:00:00,56739.86285107204,57307.26147958276,56172.46422256131,56739.86285107204,5673.986285107204
2024-07-07 00:00:00,58230.4841542266,58812.78899576887,57648.17931268433,58230.4841542266,5823.048415422661
2024-07-08 00:00:00,55880.3753776708,56439.17913144751,55321.571623894095,55880.3753776708,5588.037537767081
2024-07-09 00:00:00,56665.140733520275,57231.792140855476,56098.489326185074,56665.140733520275,5666.5140733520275
2024-07-10 00:00:00,57988.30351208401,58568.186547204845,57408.42047696317,57988.30351208401,5798.830351208401
2024-07-11 00:00:00,57704.202284462874,58281.244307307505,57127.16026161824,57704.202284462874,5770.420228446288
2024-07-12 00:00:00,57388.192479166675,57962.074403958344,56814.310554375006,57388.192479166675,5738.819247916668
2024-07-13 00:00:00,57899.28895749592,58478.28184707088,57320.29606792096,57899.28895749592,5789.928895749592
2024-07-14 00:00:00,59152.71913887286,59744.24633026159,58561.191947484134,59152.71913887286,5915.271913887286
2024-07-15 00:00:00,60942.32773996293,61551.751017362556,60332.9044625633,60942.32773996293,6094.232773996293
2024-07-16 00:00:00,64835.48973321571,65483.84463054787,64187.13483588355,64835.48973321571,6483.548973321572
2024-07-17 00:00:00,65162.23625234354,65813.85861486697,64510.6138898201,65162.23625234354,6516.223625234354
2024-07-18 00:00:00,64136.31384360687,64777.67698204294,63494.9507051708,64136.31384360687,6413.631384360688
2024-07-19 00:00:00,63959.56900809379,64599.16469817473,63319.97331801285,63959.56900809379,6395.9569008093795
2024-07-20 00:00:00,66689.54880734957,67356.44429542306,66022.65331927607,66689.54880734957,6668.9548807349565
2024-07-21 00:00:00,67206.06470614894,67878.12535321043,66534.00405908746,67206.06470614894,6720.6064706148945
2024-07-22 00:00:00,68088.13996324532,68769.02136287779,67407.25856361286,68088.13996324532,6808.813996324533
2024-07-23 00:00:00,67607.71339918874,68283.79053318063,66931.63626519685,67607.71339918874,6760.771339918874
2024-07-24 00:00:00,65942.41746522837,66601.84163988066,65282.99329057609,65942.41746522837,6594.241746522837
2024-07-25 00:00:00,65403.53513022529,66057.57048152754,64749.49977892303,65403.53513022529,6540.353513022529
2024-07-26 00:00:00,65749.96361965332,66407.46325584986,65092.46398345679,65749.96361965332,6574.996361965333
2024-07-27 00:00:00,67920.2964857025,68599.49945055954,67241.09352084548,67920.2964857025,6792.029648570251
2024-07-28 00:00:00,68055.40838968738,68735.96247358425,67374.8543057905,68055.40838968738,6805.540838968738
2024-07-29 00:00:00,68242.2474440493,68924.66991848979,67559.8249696088,68242.2474440493,6824.22474440493
2024-07-30 00:00:00,66770.32091848266,67438.02412766748,66102.61770929783,66770.32091848266,6677.032091848266
2024-07-31 00:00:00,66219.05102486102,66881.24153510963,65556.86051461242,66219.05102486102,6621.905102486103
2024-08-01 00:00:00,64679.778647032515,65326.57643350284,64032.98086056219,64679.778647032515,6467.977864703252
2024-08-02 00:00:00,65357.52960767435,66011.1049037511,64703.954311597605,65357.52960767435,6535.752960767435
2024-08-03 00:00:00,61407.29547397454,62021.36842871429,60793.22251923479,61407.29547397454,6140.729547397455
2024-08-04 00:00:00,60738.7449250574,61346.13237430797,60131.35747580683,60738.7449250574,6073.87449250574
2024-08-05 00:00:00,58006.206586686734,58586.268652553605,57426.144520819864,58006.206586686734,5800.620658668674
2024-08-06 00:00:00,53956.26184159744,54495.82446001342,53416.699223181466,53956.26184159744,5395.626184159744
2024-08-07 00:00:00,55959.84107399357,56519.439484733506,55400.24266325364,55959.84107399357,5595.9841073993575
2024-08-08 00:00:00,55099.95181146735,55650.95132958202,54548.952293352675,55099.95181146735,5509.995181146735
2024-08-09 00:00:00,61859.03159904161,62477.62191503203,61240.441283051194,61859.03159904161,6185.903159904162
2024-08-10 00:00:00,60912.588533350805,61521.714418684314,60303.462648017296,60912.588533350805,6091.258853335081
2024-08-11 00:00:00,60887.70861641504,61496.58570257919,60278.831530250885,60887.70861641504,6088.770861641504
2024-08-12 00:00:00,58804.23449992608,59392.27684492534,58216.19215492682,58804.23449992608,5880.423449992609
2024-08-13 00:00:00,59350.07433270696,59943.57507603403,58756.573589379885,59350.07433270696,5935.007433270696
2024-08-14 00:00:00,60601.22317789727,61207.23540967624,59995.2109461183,60601.22317789727,6060.122317789727
2024-08-15 00:00:00,58739.19382231015,59326.58576053326,58151.80188408705,58739.19382231015,5873.919382231015
2024-08-16 00:00:00,57624.11692852191,58200.358097807126,57047.87575923669,57624.11692852191,5762.411692852191
2024-08-17 00:00:00,58881.92579151217,59470.74504942729,58293.10653359705,58881.92579151217,5888.192579151218
2024-08-18 00:00:00,59430.79163445865,60025.099550803236,58836.48371811406,59430.79163445865,5943.079163445866
2024-08-19 00:00:00,58438.293742685404,59022.67668011226,57853.91080525855,58438.293742685404,5843.829374268541
2024-08-20 00:00:00,59574.945812940874,60170.69527107028,58979.196354811465,59574.945812940874,5957.494581294088
2024-08-21 00:00:00,59060.12610074137,59650.72736174879,58469.52483973395,59060.12610074137,5906.012610074137
2024-08-22 00:00:00,61144.68762866613,61756.13450495279,60533.24075237947,61144.68762866613,6114.468762866613
2024-08-23 00:00:00,60387.54062321362,60991.41602944576,59783.665216981484,60387.54062321362,6038.754062321363
2024-08-24 00:00:00,64049.68561555576,64690.18247171132,63409.188759400204,64049.68561555576,6404.968561555576
2024-08-25 00:00:00,64157.1606134782,64798.73221961298,63515.58900734341,64157.1606134782,6415.71606134782
2024-08-26 00:00:00,64265.81631272862,64908.4744758559,63623.15814960133,64265.81631272862,6426.581631272862
2024-08-27 00:00:00,62922.58634676265,63551.81221023027,62293.36048329502,62922.58634676265,6292.2586346762655
2024-08-28 00:00:00,59526.560879590994,60121.826488386905,58931.29527079508,59526.560879590994,5952.6560879591
2024-08-29 00:00:00,59015.29633887944,59605.449302268236,58425.14337549064,59015.29633887944,5901.529633887944
2024-08-30 00:00:00,59351.5794909728,59945.095285882526,58758.06369606307,59351.5794909728,5935.15794909728
2024-08-31 00:00:00,59156.246036463555,59747.80849682819,58564.68357609892,59156.246036463555,5915.624603646356
2024-09-01 00:00:00,58960.23658664587,59549.83895251233,58370.634220779415,58960.23658664587,5896.023658664588
2024-09-02 00:00:00,57357.71617282246,57931.29333455068,56784.13901109424,57357.71617282246,5735.771617282247
2024-09-03 00:00:00,59108.73235863689,59699.81968222326,58517.64503505052,59108.73235863689,5910.873235863689
2024-09-04 00:00:00,57504.538586220435,58079.58397208264,56929.49320035823,57504.538586220435,5750.453858622044
2024-09-05 00:00:00,57987.84601410068,58567.72447424169,57407.96755395967,57987.84601410068,5798.784601410069
2024-09-06 00:00:00,56132.404732088595,56693.72877940948,55571.08068476771,56132.404732088595,5613.24047320886
2024-09-07 00:00:00,53923.35611071905,54462.58967182624,53384.12254961186,53923.35611071905,5392.335611071905
2024-09-08 00:00:00,54150.9383589072,54692.447742496275,53609.42897531813,54150.9383589072,5415.093835890721
2024-09-09 00:00:00,54792.40755768575,55340.331633262605,54244.483482108895,54792.40755768575,5479.240755768576
2024-09-10 00:00:00,57049.118751143265,57619.6099386547,56478.62756363183,57049.118751143265,5704.911875114327
2024-09-11 00:00:00,57624.16178336144,58200.40340119505,57047.92016552782,57624.16178336144,5762.416178336144
2024-09-12 00:00:00,57381.764445000474,57955.58208945048,56807.94680055047,57381.764445000474,5738.176444500048
2024-09-13 00:00:00,58106.951229815284,58688.02074211344,57525.88171751713,58106.951229815284,5810.695122981529
2024-09-14 00:00:00,60620.62747295754,61226.83374768712,60014.42119822796,60620.62747295754,6062.062747295754
2024-09-15 00:00:00,60003.29940083042,60603.332394838726,59403.26640682212,60003.29940083042,6000.329940083043
2024-09-16 00:00:00,59214.80226801806,59806.95029069824,58622.65424533788,59214.80226801806,5921.480226801807
2024-09-17 00:00:00,58211.123231286256,58793.23446359912,57629.011998973394,58211.123231286256,5821.112323128626
2024-09-18 00:00:00,60317.0319794625,60920.20229925713,59713.86165966788,60317.0319794625,6031.703197946251
2024-09-19 00:00:00,61440.41208494509,62054.816205794545,60826.00796409564,61440.41208494509,6144.041208494509
2024-09-20 00:00:00,62966.52931910512,63596.19461229617,62336.86402591407,62966.52931910512,6296.652931910512
2024-09-21 00:00:00,63128.224540748255,63759.50678615574,62496.94229534077,63128.224540748255,6312.822454074826
2024-09-22 00:00:00,63403.402349259355,64037.43637275195,62769.36832576676,63403.402349259355,6340.340234925936
2024-09-23 00:00:00,63582.59956924825,64218.42556494073,62946.773573555765,63582.59956924825,6358.259956924825
2024-09-24 00:00:00,63327.02654450202,63960.29680994704,62693.756279057,63327.02654450202,6332.702654450202
2024-09-25 00:00:00,64334.14274876097,64977.48417624858,63690.80132127336,64334.14274876097,6433.414274876097
2024-09-26 00:00:00,63151.89959401337,63783.4185899535,62520.380598073236,63151.89959401337,6315.189959401338
2024-09-27 00:00:00,65130.76884023231,65782.07652863463,64479.461151829986,65130.76884023231,6513.076884023231
2024-09-28 00:00:00,65791.00212541742,66448.9121466716,65133.09210416325,65791.00212541742,6579.100212541743
2024-09-29 00:00:00,65934.10709441357,66593.44816535771,65274.766023469434,65934.10709441357,6593.4107094413575
2024-09-30 00:00:00,65663.68986662335,66320.32676528957,65007.05296795711,65663.68986662335,6566.368986662335
2024-10-01 00:00:00,63243.27532464382,63875.70807789026,62610.842571397385,63243.27532464382,6324.327532464383
2024-10-02 00:00:00,60872.668543725544,61481.3952291628,60263.941858288286,60872.668543725544,6087.266854372555
2024-10-03 00:00:00,60655.55979196848,61262.11538988817,60049.00419404879,60655.55979196848,6065.555979196848
2024-10-04 00:00:00,60727.86395169296,61335.14259120989,60120.58531217603,60727.86395169296,6072.786395169296
2024-10-05 00:00:00,62103.01047283253,62724.04057756086,61481.9803681042,62103.01047283253,6210.301047283254
2024-10-06 00:00:00,62091.932585194016,62712.85191104595,61471.01325934208,62091.932585194016,6209.193258519402
2024-10-07 00:00:00,62811.79972811266,63439.91772539379,62183.68173083153,62811.79972811266,6281.179972811266
2024-10-08 00:00:00,62287.39010510681,62910.26400615788,61664.51620405574,62287.39010510681,6228.7390105106815
2024-10-09 00:00:00,62185.230423727575,62807.08272796485,61563.3781194903,62185.230423727575,6218.523042372758
2024-10-10 00:00:00,60597.15045618275,61203.12196074458,59991.178951620925,60597.15045618275,6059.715045618275
2024-10-11 00:00:00,60195.18073772453,60797.13254510178,59593.22893034728,60195.18073772453,6019.518073772453
2024-10-12 00:00:00,62392.34048293159,63016.263887760906,61768.41707810228,62392.34048293159,6239.2340482931595
2024-10-13 00:00:00,63207.77062127557,63839.848327488326,62575.69291506282,63207.77062127557,6320.777062127558
2024-10-14 00:00:00,62829.533686088886,63457.82902294977,62201.238349228,62829.533686088886,6282.953368608889
2024-10-15 00:00:00,66049.99492708022,66710.49487635102,65389.494977809416,66049.99492708022,6604.999492708022
2024-10-16 00:00:00,66962.21994496793,67631.8421444176,66292.59774551826,66962.21994496793,6696.221994496794
2024-10-17 00:00:00,67647.54414766871,68324.0195891454,66971.06870619202,67647.54414766871,6764.754414766871
2024-10-18 00:00:00,67328.10527002988,68001.38632273018,66654.82421732957,67328.10527002988,6732.810527002988
2024-10-19 00:00:00,68465.61920668735,69150.27539875422,67780.96301462047,68465.61920668735,6846.561920668735
2024-10-20 00:00:00,68388.87128965274,69072.76000254927,67704.98257675621,68388.87128965274,6838.887128965274
2024-10-21 00:00:00,68962.82918045693,69652.4574722615,68273.20088865235,68962.82918045693,6896.282918045694
2024-10-22 00:00:00,67394.85775735618,68068.80633492974,66720.90917978261,67394.85775735618,6739.4857757356185
2024-10-23 00:00:00,67351.04793512498,68024.55841447623,66677.53745577374,67351.04793512498,6735.104793512499
2024-10-24 00:00:00,66683.96806542306,67350.80774607729,66017.12838476883,66683.96806542306,6668.396806542307
2024-10-25 00:00:00,68214.05205157402,68896.19257208976,67531.91153105829,68214.05205157402,6821.405205157403
2024-10-26 00:00:00,66585.66535501445,67251.5220085646,65919.80870146431,66585.66535501445,6658.566535501446
2024-10-27 00:00:00,67018.1650170265,67688.34666719678,66347.98336685624,67018.1650170265,6701.816501702651
2024-10-28 00:00:00,67938.55412885673,68617.93967014531,67259.16858756816,67938.55412885673,6793.855412885674
2024-10-29 00:00:00,69845.304531169,70543.75757648068,69146.8514858573,69845.304531169,6984.5304531168995
2024-10-30 00:00:00,72781.11308158132,73508.92421239713,72053.30195076551,72781.11308158132,7278.1113081581325
2024-10-31 00:00:00,72342.62171127986,73066.04792839265,71619.19549416707,72342.62171127986,7234.262171127986
2024-11-01 00:00:00,70264.99735573279,70967.64732929012,69562.34738217546,70264.99735573279,7026.499735573279
2024-11-02 00:00:00,69507.92256395647,70203.00178959603,68812.8433383169,69507.92256395647,6950.792256395647
2024-11-03 00:00:00,69299.16036699413,69992.15197066407,68606.16876332418,69299.16036699413,6929.916036699413
2024-11-04 00:00:00,68803.50626277467,69491.54132540242,68115.47120014692,68803.50626277467,6880.350626277467
2024-11-05 00:00:00,67793.29782704762,68471.23080531809,67115.36484877714,67793.29782704762,6779.329782704762
2024-11-06 00:00:00,69335.42553133758,70028.77978665095,68642.0712760242,69335.42553133758,6933.542553133758
2024-11-07 00:00:00,75620.88606963192,76377.09493032824,74864.6772089356,75620.88606963192,7562.088606963192
2024-11-08 00:00:00,75987.24178320667,76747.11420103874,75227.3693653746,75987.24178320667,7598.724178320667
2024-11-09 00:00:00,76550.0213845611,77315.52159840672,75784.52117071548,76550.0213845611,7655.0021384561105
2024-11-10 00:00:00,76630.22631415377,77396.5285772953,75863.92405101223,76630.22631415377,7663.022631415377
2024-11-11 00:00:00,80466.71654833542,81271.38371381877,79662.04938285207,80466.71654833542,8046.671654833543
2024-11-12 00:00:00,88637.42000322911,89523.79420326141,87751.04580319682,88637.42000322911,8863.74200032291
2024-11-13 00:00:00,88264.59974582895,89147.24574328723,87381.95374837067,88264.59974582895,8826.459974582895
2024-11-14 00:00:00,90488.10007497849,91392.98107572827,89583.2190742287,90488.10007497849,9048.810007497848
2024-11-15 00:00:00,87407.51273710128,88281.5878644723,86533.43760973026,87407.51273710128,8740.751273710128
2024-11-16 00:00:00,90947.97509443703,91857.4548453814,90038.49534349266,90947.97509443703,9094.797509443704
2024-11-17 00:00:00,90606.45489380708,91512.51944274515,89700.39034486901,90606.45489380708,9060.645489380708
2024-11-18 00:00:00,89841.47194135105,90739.88666076456,88943.05722193753,89841.47194135105,8984.147194135105
2024-11-19 00:00:00,90534.62459650292,91439.97084246796,89629.27835053789,90534.62459650292,9053.462459650293
2024-11-20 00:00:00,92251.65240738312,93174.16893145695,91329.1358833093,92251.65240738312,9225.165240738314
2024-11-21 00:00:00,94217.02229634205,95159.19251930548,93274.85207337863,94217.02229634205,9421.702229634206
2024-11-22 00:00:00,98509.11859102432,99494.20977693457,97524.02740511407,98509.11859102432,9850.911859102433
2024-11-23 00:00:00,98927.49494553401,99916.76989498935,97938.21999607867,98927.49494553401,9892.749494553402
2024-11-24 00:00:00,97679.46381643033,98656.25845459463,96702.66917826603,97679.46381643033,9767.946381643034
2024-11-25 00:00:00,98015.9355289458,98996.09488423527,97035.77617365634,98015.9355289458,9801.593552894581
2024-11-26 00:00:00,93004.70093103287,93934.74794034321,92074.65392172254,93004.70093103287,9300.470093103288
2024-11-27 00:00:00,91931.83077291827,92851.14908064746,91012.51246518908,91931.83077291827,9193.183077291827
2024-11-28 00:00:00,95981.18057210564,96940.9923778267,95021.36876638459,95981.18057210564,9598.118057210564
2024-11-29 00:00:00,95661.59595817851,96618.2119177603,94704.97999859673,95661.59595817851,9566.159595817851
2024-11-30 00:00:00,97453.2473451042,98427.77981855524,96478.71487165317,97453.2473451042,9745.324734510421
2024-12-01 00:00:00,96513.14234698225,97478.27377045207,95548.01092351243,96513.14234698225,9651.314234698226
2024-12-02 00:00:00,97311.70719084324,98284.82426275167,96338.59011893481,97311.70719084324,9731.170719084324
2024-12-03 00:00:00,95833.1362300365,96791.46759233686,94874.80486773614,95833.1362300365,9583.31362300365
2024-12-04 00:00:00,96031.63097759831,96991.94728737429,95071.31466782233,96031.63097759831,9603.16309775983
2024-12-05 00:00:00,98881.4694561823,99870.28415074412,97892.65476162048,98881.4694561823,9888.146945618231
2024-12-06 00:00:00,97201.50036407741,98173.51536771818,96229.48536043664,97201.50036407741,9720.150036407742
2024-12-07 00:00:00,99973.85150659826,100973.59002166425,98974.11299153228,99973.85150659826,9997.385150659828
2024-12-08 00:00:00,99781.82999198174,100779.64829190155,98784.01169206192,99781.82999198174,9978.182999198174
2024-12-09 00:00:00,101235.3717025316,102247.72541955691,100223.01798550629,101235.3717025316,10123.537170253161
2024-12-10 00:00:00,97353.94700820887,98327.48647829096,96380.40753812678,97353.94700820887,9735.394700820887
2024-12-11 00:00:00,96649.71446771531,97616.21161239246,95683.21732303816,96649.71446771531,9664.971446771531
2024-12-12 00:00:00,101123.61811033697,102134.85429144035,100112.3819292336,101123.61811033697,10112.361811033697
2024-12-13 00:00:00,100000.80836535197,101000.81644900549,99000.80028169845,100000.80836535197,10000.080836535199
2024-12-14 00:00:00,101352.22971292294,102365.75201005217,100338.70741579372,101352.22971292294,10135.222971292294
2024-12-15 00:00:00,101367.01064553364,102380.68075198897,100353.3405390783,101367.01064553364,10136.701064553365
2024-12-16 00:00:00,104721.50151808978,105768.71653327068,103674.28650290887,104721.50151808978,10472.150151808979
2024-12-17 00:00:00,106074.10723541168,107134.84830776579,105013.36616305757,106074.10723541168,10607.410723541168
2024-12-18 00:00:00,106034.913402645,107095.26253667145,104974.56426861856,106034.913402645,10603.491340264502
2024-12-19 00:00:00,100355.5761481501,101359.1319096316,99352.02038666859,100355.5761481501,10035.55761481501
2024-12-20 00:00:00,97851.35377075805,98829.86730846563,96872.84023305048,97851.35377075805,9785.135377075805
2024-12-21 00:00:00,97691.43431692653,98668.3486600958,96714.51997375727,97691.43431692653,9769.143431692653
2024-12-22 00:00:00,97202.82496847633,98174.8532181611,96230.79671879156,97202.82496847633,9720.282496847633
2024-12-23 00:00:00,95094.27394862173,96045.21668810795,94143.33120913552,95094.27394862173,9509.427394862174
2024-12-24 00:00:00,94644.91085464321,95591.35996318965,93698.46174609677,94644.91085464321,9464.491085464322
2024-12-25 00:00:00,98695.71400782601,99682.67114790427,97708.75686774775,98695.71400782601,9869.571400782603
2024-12-26 00:00:00,99344.95417367229,100338.40371540902,98351.50463193556,99344.95417367229,9934.49541736723
2024-12-27 00:00:00,95678.31244565405,96635.0955701106,94721.52932119751,95678.31244565405,9567.831244565406
2024-12-28 00:00:00,94331.94727053077,95275.26674323608,93388.62779782547,94331.94727053077,9433.194727053078
2024-12-29 00:00:00,95184.61945288602,96136.46564741488,94232.77325835716,95184.61945288602,9518.461945288602
2024-12-30 00:00:00,93663.44751964067,94600.08199483708,92726.81304444426,93663.44751964067,9366.344751964067
2024-12-31 00:00:00,92627.28213113277,93553.5549524441,91701.00930982144,92627.28213113277,9262.728213113278
2025-01-01 00:00:00,93507.85874741491,94442.93733488907,92572.78015994075,93507.85874741491,9350.785874741492
2025-01-02 00:00:00,94384.1761153871,95328.01787654098,93440.33435423323,94384.1761153871,9438.41761153871
2025-01-03 00:00:00,96852.14681235075,97820.66828047426,95883.62534422724,96852.14681235075,9685.214681235075
2025-01-03 04:00:00,96781.7691317348,97749.58682305216,95813.95144041746,96781.7691317348,9678.176913173482
